MSE,RMSE,MAE,R2,MAPE
16319.1435546875,127.74640329452528,113.4180908203125,-0.6005563735961914,11.3852005
